sport,league,match,pick,odds,model_probability,bookmaker,reason,edge,implied_probability,confidence,risk,stake_units,stake_amount,created_at
baseball,baseball_kbo,Lotte Giants vs LG Twins,Lotte Giants,3.11,0.376040083806191,Pinnacle,"Edge 17.9% | Score 17.881466063725384 | Consensus: elo, xg, form, market",0.05449667544606235,0.3215434083601286,72,medium,0.25,20.08,2026-06-27T08:42:38
baseball,baseball_npb,Orix Buffaloes vs Saitama Seibu Lions,Orix Buffaloes,2.08,0.5510296251931007,William Hill,"Edge 15.2% | Score 15.238162040164948 | Consensus: elo, xg, form, market",0.07026039442387,0.4807692307692307,82,medium,0.34,30.0,2026-07-03T09:56:58
baseball,baseball_npb,Fukuoka SoftBank Hawks vs Chiba Lotte Marines,Chiba Lotte Marines,3.3,0.3533404605521193,MyBookie.ag,"Edge 15.6% | Score 15.612351982199367 | Consensus: elo, xg, form, market",0.05031015752181628,0.30303030303030304,70,medium,0.25,18.05,2026-07-03T09:56:58
baseball,baseball_kbo,SSG Landers vs Samsung Lions,SSG Landers,3.65,0.31657397534939247,Unibet (SE),"Edge 16.6% | Score 16.644501002528234 | Consensus: elo, xg, form, market",0.042601372609666455,0.273972602739726,67,medium,0.25,14.67,2026-07-03T09:56:58
football,baseball_kbo,Lotte Giants vs LG Twins,Lotte Giants,3.11,0.3639297114848439,Pinnacle,"Edge 17.9% | Score 17.881466063725384 | Consensus: elo, xg, form, market | Football consensus signals: ELO 37.6%, xG 37.6%, Form 37.6%, Market 32.2% | Consensus: elo, xg, form, market",0.04238630312471525,0.3215434083601286,67,medium,0.25,15.62,2026-07-03T09:56:58
baseball,baseball_kbo,Kia Tigers vs NC Dinos,NC Dinos,1.85,0.6264307111156933,Coolbet,"Edge 15.3% | Score 15.334681556403229 | Consensus: elo, xg, form, market",0.0858901705751528,0.5405405405405405,94,low,0.47,30.0,2026-07-03T10:04:55
baseball,baseball_npb,Tokyo Yakult Swallows vs Yokohama DeNA BayStars,Yokohama DeNA BayStars,2.95,0.4019589871311348,Nordic Bet,"Edge 17.7% | Score 17.692901203684762 | Consensus: elo, xg, form, market",0.0629759362836772,0.3389830508474576,75,medium,0.25,23.82,2026-07-03T10:04:55
baseball,baseball_npb,Fukuoka SoftBank Hawks vs Chiba Lotte Marines,Chiba Lotte Marines,3.1,0.3801559981035169,MyBookie.ag,"Edge 16.9% | Score 16.918359412090233 | Consensus: elo, xg, form, market",0.0575753529422266,0.3225806451612903,73,medium,0.25,21.25,2026-07-03T10:04:55
tennis,tennis_atp_wimbledon,Roman Safiullin vs Joao Fonseca,Joao Fonseca,2.38,0.46284613532515423,Betfair,"Edge 10.2% | Score 10.157380207386701 | Consensus: elo, xg, form, market",0.042678068098263466,0.42016806722689076,67,medium,0.25,18.4,2026-07-03T10:45:08
tennis,tennis_atp_wimbledon,Roman Safiullin vs Joao Fonseca,Roman Safiullin,1.81,0.649648885002461,Betfair,"Raw edge 17.6% | Score 17.586448185445413 | Consensus: elo, xg, form, market",0.17586448185445414,0.09716269715715709,0.5524861878453039,100,low,0.54,30.0,2026-07-03T11:28:19
baseball,baseball_kbo,Kiwoom Heroes vs Doosan Bears,Kiwoom Heroes,2.28,0.5098652055311023,Pinnacle,"Raw edge 16.9% | Score 16.93326686109129 | Consensus: elo, xg, form, market",0.1693326686109129,0.07126871430303205,0.4385964912280702,79,medium,0.32,30.0,2026-07-03T11:28:19
baseball,baseball_kbo,Kia Tigers vs NC Dinos,NC Dinos,1.41,0.8191604724776049,Pinnacle,"Raw edge 15.1% | Score 15.078626619342273 | Consensus: elo, xg, form, market",0.15078626619342272,0.10994061432157654,0.7092198581560284,100,low,0.95,30.0,2026-07-03T11:57:27
baseball,baseball_npb,Tokyo Yakult Swallows vs Yokohama DeNA BayStars,Yokohama DeNA BayStars,2.45,0.460711345653873,MyBookie.ag,"Raw edge 12.1% | Score 12.139279685198856 | Consensus: elo, xg, form, market",0.12139279685198856,0.0525480803477506,0.4081632653061224,71,medium,0.25,22.2,2026-07-03T12:01:58
tennis,tennis_wta_wimbledon,Belinda Bencic vs Anna Kalinskaya,Anna Kalinskaya,3.88,0.2994547019827802,Pinnacle,"Raw edge 16.2% | Score 16.18842436931871 | Consensus: elo, xg, form, market",0.1618842436931871,0.041722743219893554,0.2577319587628866,67,medium,0.25,14.05,2026-07-03T12:01:58
tennis,tennis_atp_wimbledon,Roman Safiullin vs Joao Fonseca,Roman Safiullin,1.26,0.8442849978380583,Pinnacle,"Raw edge 6.4% | Score 6.379909727595323 | Consensus: elo, xg, form, market",0.06379909727595323,0.05063420418726472,0.7936507936507936,98,medium,0.61,30.0,2026-07-03T12:05:49
tennis,tennis_wta_wimbledon,Belinda Bencic vs Anna Kalinskaya,Belinda Bencic,1.52,0.7168109359537014,Pinnacle,"Raw edge 9.0% | Score 8.955262264962617 | Consensus: elo, xg, form, market",0.08955262264962616,0.05891619911159607,0.6578947368421053,91,medium,0.43,30.0,2026-07-03T12:05:49
baseball,baseball_npb,Tokyo Yakult Swallows vs Yokohama DeNA BayStars,Yokohama DeNA BayStars,2.45,0.456313255025709,MyBookie.ag,"Raw edge 11.1% | Score 11.061747481298712 | Consensus: elo, xg, form, market",0.11061747481298712,0.04814998971958662,0.4081632653061224,69,medium,0.25,20.34,2026-07-03T12:05:49
tennis,tennis_wta_wimbledon,Belinda Bencic vs Anna Kalinskaya,Belinda Bencic,1.34,0.8150122499793028,Pinnacle,"Raw edge 9.2% | Score 9.211641497226575 | Consensus: elo, xg, form, market",0.09211641497226575,0.06874359326288493,0.7462686567164178,100,medium,0.68,30.0,2026-07-03T12:22:18
baseball,baseball_npb,Orix Buffaloes vs Saitama Seibu Lions,Orix Buffaloes,1.79,0.6311608089342644,Betclic (FR),"Raw edge 13.5% | Score 13.514784799233336 | Consensus: elo, xg, form, market",0.13514784799233337,0.07250159105716947,0.5586592178770949,89,medium,0.41,30.0,2026-07-03T12:22:18
tennis,tennis_atp_wimbledon,Jan-Lennard Struff vs Daniil Medvedev,Jan-Lennard Struff,1.44,0.773651530699629,Pinnacle,"Raw edge 11.4% | Score 11.405820420746583 | Consensus: elo, xg, form, market",0.11405820420746582,0.07920708625518458,0.6944444444444444,100,medium,0.65,30.0,2026-07-03T16:15:15
basketball,basketball_wnba,Seattle Storm vs Portland Fire,Seattle Storm,1.8,0.6003618419924127,888sport,"Raw edge 9.1% | Score 9.14513155863428 | Consensus: elo, xg, form, market",0.09145131558634279,0.044806286436857135,0.5555555555555556,76,medium,0.25,25.2,2026-07-03T16:15:15
tennis,tennis_wta_wimbledon,Nikola Bartunkova vs Barbora Krejcikova,Barbora Krejcikova,1.6,0.6984021273919735,Coolbet,"Raw edge 11.7% | Score 11.744340382715768 | Consensus: elo, xg, form, market",0.11744340382715768,0.07340212739197349,0.625,95,medium,0.49,30.0,2026-07-03T16:25:42
tennis,tennis_atp_wimbledon,Hubert Hurkacz vs Tommy Paul,Tommy Paul,3.06,0.3785492555005393,Nordic Bet,"Raw edge 15.8% | Score 15.836072183165006 | Consensus: elo, xg, form, market",0.15836072183165006,0.05175186987962427,0.32679738562091504,71,medium,0.25,19.22,2026-07-03T16:25:42
tennis,tennis_wta_wimbledon,Nikola Bartunkova vs Barbora Krejcikova,Barbora Krejcikova,1.41,0.7869459357468231,Pinnacle,"Raw edge 11.0% | Score 10.959376940302047 | Consensus: elo, xg, form, market",0.10959376940302046,0.07772607759079475,0.7092198581560284,100,medium,0.67,30.0,2026-07-03T16:47:12
basketball,basketball_wnba,Atlanta Dream vs Golden State Valkyries,Golden State Valkyries,2.5,0.4556964055105673,888sport,"Raw edge 12.8% | Score 12.761451862701655 | Consensus: elo, xg, form, market",0.12761451862701656,0.05569640551056726,0.4,72,medium,0.25,23.21,2026-07-03T17:13:32
tennis,tennis_atp_wimbledon,Zizou Bergs vs Arthur Fery,Zizou Bergs,1.71,0.6542315908292411,Matchbook,"Raw edge 11.9% | Score 11.873602031800212 | Consensus: elo, xg, form, market",0.11873602031800212,0.06943626919181423,0.5847953216374269,90,medium,0.42,30.0,2026-07-04T17:11:20
basketball,basketball_wnba,Atlanta Dream vs Golden State Valkyries,Golden State Valkyries,2.6,0.4580403584298211,BetAnything,"Raw edge 17.9% | Score 17.881337696215716 | Consensus: elo, xg, form, market",0.17881337696215716,0.07342497381443652,0.3846153846153846,79,medium,0.3,29.83,2026-07-04T17:11:20
baseball,baseball_kbo,KT Wiz vs Lotte Giants,KT Wiz,1.75,0.6346546748875463,Pinnacle,"Raw edge 11.6% | Score 11.589568105320591 | Consensus: elo, xg, form, market",0.11589568105320591,0.06322610345897495,0.5714285714285714,86,medium,0.37,30.0,2026-07-05T11:32:26
tennis,tennis_wta_wimbledon,Aryna Sabalenka vs Naomi Osaka,Naomi Osaka,2.58,0.43597113418807204,Betfair,"Raw edge 12.5% | Score 12.48055262052259 | Consensus: elo, xg, form, market",0.12480552620522589,0.04837423496326587,0.38759689922480617,69,medium,0.25,19.75,2026-07-05T16:48:19
tennis,tennis_atp_wimbledon,Felix Auger-Aliassime vs Alejandro Davidovich Fokina,Felix Auger-Aliassime,2.6,0.42522355220408287,Pinnacle,"Raw edge 10.6% | Score 10.558123573061518 | Consensus: elo, xg, form, market",0.10558123573061517,0.040608167588698285,0.3846153846153846,66,medium,0.25,16.5,2026-07-05T16:48:19
tennis,tennis_wta_wimbledon,Aryna Sabalenka vs Naomi Osaka,Aryna Sabalenka,3.5,0.32841958072476934,Betfair,"Raw edge 14.9% | Score 14.946853253669246 | Consensus: elo, xg, form, market",0.14946853253669246,0.042705295010483646,0.2857142857142857,67,medium,0.25,14.95,2026-07-05T17:16:50
baseball,baseball_mlb,Washington Nationals vs Pittsburgh Pirates,Pittsburgh Pirates,1.79,0.6611215486591611,Pinnacle,"Raw edge 17.5% | Score 17.508300157292677 | Consensus: elo, xg, form, market",0.17508300157292678,0.10246233078206612,0.5586592178770949,100,low,0.58,30.0,2026-07-05T17:33:09
tennis,tennis_atp_wimbledon,Felix Auger-Aliassime vs Alejandro Davidovich Fokina,Felix Auger-Aliassime,1.22,0.8982937731051828,MyBookie.ag,"Raw edge 9.6% | Score 9.59184031883229 | Consensus: elo, xg, form, market",0.0959184031883229,0.07862164195764176,0.819672131147541,100,medium,1.09,30.0,2026-07-05T17:55:29
baseball,baseball_mlb,New York Yankees vs Minnesota Twins,Minnesota Twins,2.19,0.5343162023683354,Pinnacle,"Raw edge 16.4% | Score 16.35824831866546 | Consensus: elo, xg, form, market",0.16358248318665458,0.07769519780212536,0.4566210045662101,84,medium,0.36,30.0,2026-07-05T17:55:29
tennis,tennis_wta_wimbledon,Aryna Sabalenka vs Naomi Osaka,Aryna Sabalenka,3.45,0.3393109697013263,Coolbet,"Raw edge 17.1% | Score 17.062284546957574 | Consensus: elo, xg, form, market",0.17062284546957573,0.049455897237558166,0.2898550724637681,70,medium,0.25,17.41,2026-07-05T17:55:29
tennis,tennis_wta_wimbledon,Aryna Sabalenka vs Naomi Osaka,Naomi Osaka,1.25,0.8903798069212033,MyBookie.ag,"Raw edge 11.3% | Score 11.297475865150396 | Consensus: elo, xg, form, market",0.11297475865150397,0.09037980692120329,0.8,100,low,1.13,30.0,2026-07-05T18:05:03
baseball,baseball_mlb,New York Yankees vs Minnesota Twins,Minnesota Twins,2.1,0.5346136965371561,William Hill,"Raw edge 10.1% | Score 10.050733812998903 | Consensus: elo, xg, form, market",0.10050733812998902,0.058423220346679905,0.47619047619047616,76,medium,0.28,27.88,2026-07-05T18:05:03
baseball,baseball_mlb,Washington Nationals vs Pittsburgh Pirates,Washington Nationals,1.81,0.6125814387280551,Betfair,"Raw edge 13.8% | Score 12.828718714883303 | Consensus: elo, xg, form, market",0.13772108121184434,0.06009525088275125,0.5524861878453039,83,medium,0.34,30.0,2026-07-05T19:15:07
tennis,tennis_wta_wimbledon,Ashlyn Krueger vs Marta Kostyuk,Marta Kostyuk,1.36,0.7984299245919717,William Hill,"Raw edge 8.6% | Score 0.07727822770057327 | Consensus: elo, xg, form, market",0.0858646974450814,0.06313580694491294,0.7352941176470588,99,medium,0.6,30.0,2026-07-06T10:46:13
tennis,tennis_atp_wimbledon,Grigor Dimitrov vs Arthur Fery,Arthur Fery,4.3,0.2730039557502391,Betfair,"Raw edge 17.4% | Score 0.1913087106986309 | Consensus: elo, xg, form, market",0.17391700972602808,0.040445816215355396,0.23255813953488372,66,medium,0.25,13.18,2026-07-06T18:14:13
baseball,baseball_kbo,Hanwha Eagles vs NC Dinos,NC Dinos,2.04,0.5479939858272076,Pinnacle,"Raw edge 11.2% | Score 12.073074957450377 | Consensus: elo, xg, form, market",0.1117877310875035,0.05779790739583507,0.49019607843137253,77,medium,0.28,28.34,2026-07-07T09:50:42
baseball,baseball_kbo,Samsung Lions vs LG Twins,Samsung Lions,2.01,0.5376049413068942,Pinnacle,"Raw edge 8.7% | Score 9.354520658900546 | Consensus: elo, xg, form, market",0.08661593202685691,0.04009250349594884,0.49751243781094534,69,medium,0.25,19.95,2026-07-07T09:50:42
tennis,tennis_atp_wimbledon,Felix Auger-Aliassime vs Novak Djokovic,Novak Djokovic,1.8,0.6136803251462993,MyBookie.ag,"Raw edge 10.5% | Score 0.12031827305283953 | Consensus: elo, xg, form, market",0.10462458526333873,0.05812476959074375,0.5555555555555556,82,medium,0.33,30.0,2026-07-07T18:04:13
baseball,baseball_npb,Yokohama DeNA BayStars vs Chunichi Dragons,Yokohama DeNA BayStars,1.95,0.5915521934629494,Tipico,"Raw edge 15.9% | Score 19.125213270330146 | Consensus: elo, xg, form, market",0.15937677725275123,0.07873168064243652,0.5128205128205129,89,medium,0.4,30.0,2026-07-09T09:53:25
baseball,baseball_kbo,Hanwha Eagles vs NC Dinos,Hanwha Eagles,2.5,0.4632315225561502,Betclic (FR),"Raw edge 16.6% | Score 19.869456766845044 | Consensus: elo, xg, form, market",0.16557880639037537,0.06323152255615017,0.4,75,medium,0.26,26.35,2026-07-09T09:53:25
baseball,baseball_kbo,Samsung Lions vs LG Twins,Samsung Lions,2.02,0.5432254823301719,Unibet (SE),"Raw edge 10.3% | Score 13.64556260851704 | Consensus: elo, xg, form, market",0.10337547430694727,0.048175977379676826,0.49504950495049505,73,medium,0.25,23.85,2026-07-09T09:53:25
baseball,baseball_mlb,Minnesota Twins vs Cleveland Guardians,Cleveland Guardians,2.01,0.5694884636486601,Pinnacle,"Raw edge 14.8% | Score 18.437331733135142 | Consensus: elo, xg, form, market",0.14844872570962275,0.07197602583771479,0.49751243781094534,84,medium,0.36,30.0,2026-07-09T18:00:53
baseball,baseball_mlb,New York Mets vs Kansas City Royals,Kansas City Royals,2.2,0.5218074152272609,William Hill,"Raw edge 14.3% | Score 17.721137006091467 | Consensus: elo, xg, form, market",0.1426822625289168,0.0672619606818064,0.45454545454545453,79,medium,0.31,30.0,2026-07-09T18:00:53
baseball,baseball_mlb,Tampa Bay Rays vs New York Yankees,Tampa Bay Rays,4.4,0.2696966202729416,Unibet (NL),"Raw edge 17.8% | Score 28.31164488410165 | Consensus: elo, xg, form, market",0.17839725824890773,0.04242389300021435,0.22727272727272727,67,medium,0.25,13.73,2026-07-09T18:00:53
baseball,baseball_npb,Hokkaido Nippon-Ham Fighters vs Saitama Seibu Lions,Hokkaido Nippon-Ham Fighters,1.8,0.6032707082197771,Betsson,"Raw edge 9.1% | Score 10.95447297547186 | Consensus: elo, xg, form, market",0.09128727479559884,0.04771515266422155,0.5555555555555556,77,medium,0.27,26.84,2026-07-10T09:42:59
baseball,baseball_npb,Hanshin Tigers vs Tokyo Yakult Swallows,Hanshin Tigers,1.53,0.7216423828473789,William Hill,"Raw edge 10.9% | Score 11.314879214793 | Consensus: elo, xg, form, market",0.10870284575648959,0.06804761160554884,0.6535947712418301,95,medium,0.49,30.0,2026-07-11T09:34:35
baseball,baseball_npb,Yokohama DeNA BayStars vs Yomiuri Giants,Yomiuri Giants,3.05,0.3757629761584372,MyBookie.ag,"Raw edge 13.7% | Score 14.281244953360565 | Consensus: elo, xg, form, market",0.13692707728323317,0.047894123699420754,0.3278688524590164,69,medium,0.25,17.81,2026-07-11T09:34:35
baseball,baseball_npb,Yokohama DeNA BayStars vs Yomiuri Giants,Yokohama DeNA BayStars,2.07,0.5592477689983398,Pinnacle,"Raw edge 16.4% | Score 95.0 | Consensus: elo, xg, form, market",0.16385288182656343,0.07615598155872627,0.48309178743961356,85,medium,0.37,30.0,2026-07-11T10:56:03
baseball,baseball_npb,Yokohama DeNA BayStars vs Yomiuri Giants,Yokohama DeNA BayStars,2.95,0.38597963849823025,Unibet (SE),"Raw edge 14.7% | Score 92.0 | Consensus: elo, xg, form, market",0.14748993356977924,0.04699658765077264,0.3389830508474576,69,medium,0.25,17.77,2026-07-11T11:52:02
baseball,baseball_mlb,Washington Nationals vs New York Yankees,New York Yankees,1.56,0.6952107662887038,Matchbook,"Raw edge 17.8% | Score 98.0 | Consensus: elo, xg, form, market",0.17832171463558688,0.05418512526306285,0.641025641025641,87,medium,0.38,30.0,2026-07-11T14:20:32
baseball,baseball_mlb,Miami Marlins vs Cleveland Guardians,Miami Marlins,1.71,0.6252935696572053,Betfair,"Raw edge 14.8% | Score 95.0 | Consensus: elo, xg, form, market",0.1478692870276086,0.040498248019778416,0.5847953216374269,76,medium,0.25,24.38,2026-07-11T14:20:32
baseball,baseball_mlb,Washington Nationals vs New York Yankees,New York Yankees,1.56,0.6947200343574315,Matchbook,"Raw edge 17.7% | Score 97.0 | Consensus: elo, xg, form, market",0.17701332353325872,0.05369439333179049,0.641025641025641,87,medium,0.37,30.0,2026-07-11T14:28:57
baseball,baseball_mlb,San Francisco Giants vs Colorado Rockies,San Francisco Giants,1.7,0.6354386301456145,1xBet,"Raw edge 18.0% | Score 96.0 | Consensus: elo, xg, form, market",0.17982518039905893,0.047203336027967446,0.5882352941176471,80,medium,0.29,28.66,2026-07-11T14:28:57
baseball,baseball_mlb,Baltimore Orioles vs Kansas City Royals,Baltimore Orioles,1.67,0.6449832078270293,GTbets,"Raw edge 17.7% | Score 97.0 | Consensus: elo, xg, form, market",0.17700723902638038,0.04618081261744844,0.5988023952095809,80,medium,0.29,28.78,2026-07-11T14:28:57
baseball,baseball_mlb,Washington Nationals vs New York Yankees,New York Yankees,1.56,0.6942021503190658,1xBet,"Raw edge 17.6% | Score 97.0 | Consensus: elo, xg, form, market",0.17612639528316532,0.05317650929342488,0.641025641025641,87,medium,0.37,30.0,2026-07-11T15:29:55
baseball,baseball_mlb,San Francisco Giants vs Colorado Rockies,San Francisco Giants,1.69,0.6370538384835549,Everygame,"Raw edge 17.8% | Score 97.0 | Consensus: elo, xg, form, market",0.1780764717407095,0.04533786215219393,0.591715976331361,79,medium,0.28,27.76,2026-07-11T15:29:55
baseball,baseball_mlb,Washington Nationals vs New York Yankees,New York Yankees,1.55,0.6993661317335418,Betfair,"Raw edge 18.0% | Score 98.0 | Consensus: elo, xg, form, market",0.17966352531327878,0.05420484141096116,0.6451612903225806,88,medium,0.38,30.0,2026-07-11T16:31:25
baseball,baseball_mlb,Tampa Bay Rays vs Seattle Mariners,Tampa Bay Rays,1.91,0.5637783878624938,Pinnacle,"Raw edge 18.0% | Score 96.0 | Consensus: elo, xg, form, market",0.17972659426918436,0.040218178438410024,0.5235602094240838,71,medium,0.25,21.1,2026-07-11T16:31:25
football,2. Bundesliga,SV Darmstadt 98 vs Holstein Kiel,Draw,3.65,0.3157816282009009,Winamax (DE),"Raw edge 15.5% | Score 15.519124712153133 | Consensus: elo, xg, form, market",0.15519124712153132,0.041809025461174876,0.273972602739726,67,medium,0.25,14.4,2026-07-11T16:46:26
football,2. Bundesliga,1. FC Nürnberg vs Dynamo Dresden,Draw,3.7,0.311055774804456,Winamax (DE),"Raw edge 15.2% | Score 15.17187726394602 | Consensus: elo, xg, form, market",0.1517187726394602,0.04078550453418578,0.27027027027027023,66,medium,0.25,13.97,2026-07-11T16:46:26
football,2. Bundesliga,FC St. Pauli vs Greuther Fürth,Draw,4.0,0.2907082696248151,Tipico,"Raw edge 16.5% | Score 16.66656311752671 | Consensus: elo, xg, form, market",0.16501547641115555,0.04070826962481511,0.25,66,medium,0.25,13.57,2026-07-11T16:46:26
baseball,baseball_mlb,Washington Nationals vs New York Yankees,New York Yankees,1.53,0.7003098107718068,Everygame,"Raw edge 16.6% | Score 97.0 | Consensus: elo, xg, form, market",0.1660538623235277,0.04671503952997669,0.6535947712418301,85,medium,0.34,30.0,2026-07-11T17:03:52
baseball,baseball_mlb,San Francisco Giants vs Colorado Rockies,San Francisco Giants,1.7,0.6348792387074882,1xBet,"Raw edge 17.9% | Score 97.0 | Consensus: elo, xg, form, market",0.17862751402658894,0.04664394458984111,0.5882352941176471,79,medium,0.28,28.32,2026-07-11T17:03:52
football,2. Bundesliga,SV Darmstadt 98 vs Holstein Kiel,Draw,3.65,0.3158266282009008,Winamax (DE),"Raw edge 15.6% | Score 15.551974712153127 | Consensus: elo, xg, form, market",0.15551974712153127,0.04185402546117478,0.273972602739726,67,medium,0.25,14.41,2026-07-11T17:03:52
football,2. Bundesliga,1. FC Nürnberg vs Dynamo Dresden,Draw,3.7,0.311430774804456,Tipico,"Raw edge 15.4% | Score 15.603871036585456 | Consensus: elo, xg, form, market",0.15449377263945996,0.04116050453418579,0.27027027027027023,66,medium,0.25,14.1,2026-07-11T17:03:52
baseball,baseball_mlb,Pittsburgh Pirates vs Milwaukee Brewers,Pittsburgh Pirates,1.28,0.8447724307391841,Pinnacle,"Raw edge 14.0% | Score 97.0 | Consensus: elo, xg, form, market",0.14047186392190336,0.06352243073918407,0.78125,100,medium,0.73,30.0,2026-07-11T18:54:35
basketball,basketball_wnba,Minnesota Lynx vs New York Liberty,Minnesota Lynx,1.38,0.7845860146064535,Pinnacle,"Raw edge 7.4% | Score 7.461874343830399 | Consensus: elo, xg, form, market",0.07427706892126618,0.0599483334470331,0.7246376811594204,97,medium,0.54,30.0,2026-07-11T18:54:35
baseball,baseball_mlb,Washington Nationals vs New York Yankees,New York Yankees,1.55,0.6972459007808469,Betfair,"Raw edge 17.6% | Score 97.0 | Consensus: elo, xg, form, market",0.17573997727505564,0.05208461045826629,0.6451612903225806,87,medium,0.37,30.0,2026-07-11T18:54:35
baseball,baseball_mlb,Baltimore Orioles vs Kansas City Royals,Baltimore Orioles,1.68,0.6435536440672615,Pinnacle,"Raw edge 17.9% | Score 97.0 | Consensus: elo, xg, form, market",0.17931525822520422,0.04831554882916622,0.5952380952380952,81,medium,0.3,29.84,2026-07-11T18:54:35
football,Eliteserien,Sarpsborg FK vs Viking FK,Sarpsborg FK,4.3,0.2756060873449174,Coolbet,"Raw edge 17.9% | Score 16.195030784478483 | Consensus: elo, xg, form, market",0.17909363766121578,0.04304794781003371,0.23255813953488372,67,medium,0.25,14.02,2026-07-11T18:54:35
baseball,baseball_mlb,Washington Nationals vs New York Yankees,New York Yankees,1.55,0.6967802741201732,Betfair,"Raw edge 17.4% | Score 97.0 | Consensus: elo, xg, form, market",0.17381523011074562,0.051618983797592555,0.6451612903225806,86,medium,0.36,30.0,2026-07-11T19:21:34
baseball,baseball_mlb,Baltimore Orioles vs Kansas City Royals,Baltimore Orioles,1.67,0.6441711321876691,Everygame,"Raw edge 17.4% | Score 97.0 | Consensus: elo, xg, form, market",0.17446281021023546,0.04536873697808819,0.5988023952095809,80,medium,0.28,28.27,2026-07-11T19:21:34
baseball,baseball_mlb,San Francisco Giants vs Colorado Rockies,San Francisco Giants,1.7,0.6347880679178485,1xBet,"Raw edge 17.9% | Score 97.0 | Consensus: elo, xg, form, market",0.1790436638751045,0.0465527738002014,0.5882352941176471,79,medium,0.28,28.26,2026-07-11T19:21:34
football,Scottish Premiership,Aberdeen vs Hearts,Aberdeen,4.2,0.280658754140619,Tipico,"Raw edge 17.4% | Score 16.461763241692807 | Consensus: elo, xg, form, market",0.1739983385315229,0.042563516045380945,0.23809523809523808,67,medium,0.25,13.97,2026-07-11T19:21:34
baseball,baseball_mlb,Washington Nationals vs New York Yankees,New York Yankees,1.55,0.695949221491965,Betfair,"Raw edge 17.2% | Score 97.0 | Consensus: elo, xg, form, market",0.17226471666162158,0.050787931169384404,0.6451612903225806,86,medium,0.36,30.0,2026-07-11T19:33:29
baseball,baseball_mlb,Baltimore Orioles vs Kansas City Royals,Baltimore Orioles,1.67,0.6434811321876691,Everygame,"Raw edge 17.2% | Score 97.0 | Consensus: elo, xg, form, market",0.17215821021023547,0.04467873697808822,0.5988023952095809,79,medium,0.28,27.84,2026-07-11T19:33:29
football,Eliteserien,Sarpsborg FK vs Viking FK,Sarpsborg FK,4.3,0.275803260675536,Coolbet,"Raw edge 18.0% | Score 16.272570993855318 | Consensus: elo, xg, form, market",0.17995112032655403,0.04324512114065229,0.23255813953488372,67,medium,0.25,14.09,2026-07-11T19:33:29
football,Scottish Premiership,Aberdeen vs Hearts,Aberdeen,4.2,0.280658754140619,Tipico,"Raw edge 17.4% | Score 16.461763241692807 | Consensus: elo, xg, form, market",0.1739983385315229,0.042563516045380945,0.23809523809523808,67,medium,0.25,13.97,2026-07-11T19:33:29
baseball,baseball_mlb,Washington Nationals vs New York Yankees,New York Yankees,1.55,0.6960491236937053,Matchbook,"Raw edge 17.3% | Score 97.0 | Consensus: elo, xg, form, market",0.1727861426716666,0.05088783337112468,0.6451612903225806,86,medium,0.36,30.0,2026-07-11T19:49:29
baseball,baseball_mlb,San Francisco Giants vs Colorado Rockies,San Francisco Giants,1.7,0.6333099522975233,1xBet,"Raw edge 17.5% | Score 97.0 | Consensus: elo, xg, form, market",0.17467355946937602,0.045074658179876215,0.5882352941176471,79,medium,0.27,27.37,2026-07-11T19:49:29
football,Eliteserien,Sarpsborg FK vs Viking FK,Sarpsborg FK,4.3,0.2756287187388788,Coolbet,"Raw edge 17.9% | Score 16.203930786424735 | Consensus: elo, xg, form, market",0.1791920588216913,0.04307057920399507,0.23255813953488372,67,medium,0.25,14.03,2026-07-11T19:49:29
football,Scottish Premiership,Aberdeen vs Hearts,Aberdeen,4.2,0.280658754140619,Tipico,"Raw edge 17.4% | Score 16.461763241692807 | Consensus: elo, xg, form, market",0.1739983385315229,0.042563516045380945,0.23809523809523808,67,medium,0.25,13.97,2026-07-11T19:49:29
baseball,baseball_mlb,Chicago White Sox vs Athletics,Chicago White Sox,1.29,0.8402382865793748,Winamax (FR),"Raw edge 17.5% | Score 98.0 | Consensus: elo, xg, form, market",0.17519895748420677,0.06504448812976249,0.7751937984496123,100,medium,0.72,30.0,2026-07-11T20:02:27
baseball,baseball_mlb,Baltimore Orioles vs Kansas City Royals,Baltimore Orioles,1.68,0.6432064792130584,Pinnacle,"Raw edge 17.9% | Score 97.0 | Consensus: elo, xg, form, market",0.17900578033502224,0.04796838397496317,0.5952380952380952,81,medium,0.3,29.63,2026-07-11T20:02:27
football,Eliteserien,Sarpsborg FK vs Viking FK,Sarpsborg FK,4.3,0.27555875819277886,Coolbet,"Raw edge 17.9% | Score 16.14076508533874 | Consensus: elo, xg, form, market",0.17878301199123414,0.043000618657895145,0.23255813953488372,67,medium,0.25,14.01,2026-07-11T20:02:27
football,Scottish Premiership,Aberdeen vs Hearts,Aberdeen,4.2,0.280658754140619,Tipico,"Raw edge 17.4% | Score 16.461763241692807 | Consensus: elo, xg, form, market",0.1739983385315229,0.042563516045380945,0.23809523809523808,67,medium,0.25,13.97,2026-07-11T20:02:27
baseball,baseball_mlb,Washington Nationals vs New York Yankees,New York Yankees,1.52,0.7130774678250474,Winamax (DE),"Raw edge 17.9% | Score 98.0 | Consensus: elo, xg, form, market",0.17926675891005694,0.05518273098294213,0.6578947368421053,89,medium,0.4,30.0,2026-07-11T20:15:41
baseball,baseball_mlb,San Francisco Giants vs Colorado Rockies,San Francisco Giants,1.64,0.658198743081355,Winamax (DE),"Raw edge 17.8% | Score 97.0 | Consensus: elo, xg, form, market",0.17785429415176424,0.04844264552037936,0.6097560975609756,82,medium,0.31,30.0,2026-07-11T20:15:41
baseball,baseball_mlb,Baltimore Orioles vs Kansas City Royals,Baltimore Orioles,1.68,0.6435461413517,Matchbook,"Raw edge 17.9% | Score 97.0 | Consensus: elo, xg, form, market",0.17927629561996472,0.04830804611360473,0.5952380952380952,81,medium,0.3,29.84,2026-07-11T20:15:41
football,Eliteserien,Sarpsborg FK vs Viking FK,Sarpsborg FK,4.3,0.27555875819277886,Coolbet,"Raw edge 17.9% | Score 16.14076508533874 | Consensus: elo, xg, form, market",0.17878301199123414,0.043000618657895145,0.23255813953488372,67,medium,0.25,14.01,2026-07-11T20:15:41
football,Scottish Premiership,Aberdeen vs Hearts,Aberdeen,4.2,0.280658754140619,Tipico,"Raw edge 17.4% | Score 16.461763241692807 | Consensus: elo, xg, form, market",0.1739983385315229,0.042563516045380945,0.23809523809523808,67,medium,0.25,13.97,2026-07-11T20:15:41
baseball,baseball_mlb,Washington Nationals vs New York Yankees,Washington Nationals,2.6,0.46695760780093687,William Hill,"Raw edge 17.2% | Score 93.0 | Consensus: elo, xg, form, market",0.1717751131737706,0.08234222318555229,0.3846153846153846,83,low,0.33,30.0,2026-07-11T20:24:34
football,Eliteserien,Sarpsborg FK vs Viking FK,Sarpsborg FK,4.3,0.27555875819277886,Coolbet,"Raw edge 17.9% | Score 16.549538691006603 | Consensus: elo, xg, form, market",0.17878301199123414,0.043000618657895145,0.23255813953488372,67,medium,0.25,14.01,2026-07-11T20:24:34
football,Scottish Premiership,Aberdeen vs Hearts,Aberdeen,4.2,0.280658754140619,Tipico,"Raw edge 17.4% | Score 16.298775486824564 | Consensus: elo, xg, form, market",0.1739983385315229,0.042563516045380945,0.23809523809523808,67,medium,0.25,13.97,2026-07-11T20:24:34
baseball,baseball_mlb,Chicago White Sox vs Athletics,Chicago White Sox,1.14,0.9374824800418797,GTbets,"Raw edge 12.9% | Score 98.0 | Consensus: elo, xg, form, market",0.12859999999999983,0.060289497585739316,0.8771929824561404,100,medium,1.23,30.0,2026-07-11T20:35:59
baseball,baseball_mlb,Baltimore Orioles vs Kansas City Royals,Baltimore Orioles,1.68,0.6432729985580051,Betfair,"Raw edge 17.9% | Score 96.0 | Consensus: elo, xg, form, market",0.17943746124634896,0.048034903319909894,0.5952380952380952,81,medium,0.3,29.67,2026-07-11T20:35:59
baseball,baseball_mlb,San Francisco Giants vs Colorado Rockies,San Francisco Giants,1.67,0.6460606912483101,1xBet,"Raw edge 17.9% | Score 96.0 | Consensus: elo, xg, form, market",0.1787506096378011,0.04725829603872922,0.5988023952095809,81,medium,0.29,29.45,2026-07-11T20:35:59
football,Eliteserien,Sarpsborg FK vs Viking FK,Sarpsborg FK,4.3,0.27555875819277886,Coolbet,"Raw edge 17.9% | Score 16.549538691006603 | Consensus: elo, xg, form, market",0.17878301199123414,0.043000618657895145,0.23255813953488372,67,medium,0.25,14.01,2026-07-11T20:35:59
football,Scottish Premiership,Aberdeen vs Hearts,Aberdeen,4.2,0.280658754140619,Tipico,"Raw edge 17.4% | Score 16.298775486824564 | Consensus: elo, xg, form, market",0.1739983385315229,0.042563516045380945,0.23809523809523808,67,medium,0.25,13.97,2026-07-11T20:35:59
baseball,baseball_mlb,Minnesota Twins vs Los Angeles Angels,Minnesota Twins,1.16,0.9142523997201029,Winamax (DE),"Raw edge 10.6% | Score 97.0 | Consensus: elo, xg, form, market",0.10582439714391279,0.05218343420286142,0.8620689655172414,100,medium,0.95,30.0,2026-07-11T20:51:59
baseball,baseball_mlb,Baltimore Orioles vs Kansas City Royals,Baltimore Orioles,1.67,0.6465527300521939,Matchbook,"Raw edge 17.9% | Score 96.0 | Consensus: elo, xg, form, market",0.17884029047831995,0.04775033484261304,0.5988023952095809,81,medium,0.3,29.75,2026-07-11T20:51:59
baseball,baseball_mlb,Tampa Bay Rays vs Seattle Mariners,Tampa Bay Rays,1.8,0.5992246103568734,Betfair,"Raw edge 17.9% | Score 97.0 | Consensus: elo, xg, form, market",0.17889029782812482,0.043669054801317775,0.5555555555555556,75,medium,0.25,24.56,2026-07-11T20:51:59
football,Scottish Premiership,Aberdeen vs Hearts,Aberdeen,4.2,0.280658754140619,Tipico,"Raw edge 17.4% | Score 16.298775486824564 | Consensus: elo, xg, form, market",0.1739983385315229,0.042563516045380945,0.23809523809523808,67,medium,0.25,13.97,2026-07-11T20:51:59
baseball,baseball_mlb,Baltimore Orioles vs Kansas City Royals,Baltimore Orioles,1.66,0.649057802932062,Unibet (SE),"Raw edge 17.8% | Score 96.0 | Consensus: elo, xg, form, market",0.17824920114040443,0.046648164377845025,0.6024096385542169,81,medium,0.29,29.33,2026-07-11T21:01:44
football,Scottish Premiership,Aberdeen vs Hearts,Aberdeen,4.2,0.280658754140619,Tipico,"Raw edge 17.4% | Score 16.298775486824564 | Consensus: elo, xg, form, market",0.1739983385315229,0.042563516045380945,0.23809523809523808,67,medium,0.25,13.97,2026-07-11T21:01:44
baseball,baseball_mlb,Tampa Bay Rays vs Seattle Mariners,Tampa Bay Rays,1.38,0.7738954592312359,Betfair,"Raw edge 16.1% | Score 98.0 | Consensus: elo, xg, form, market",0.16074072961065733,0.04925777807181553,0.7246376811594204,92,medium,0.45,30.0,2026-07-11T21:25:21
baseball,baseball_mlb,Texas Rangers vs Houston Astros,Texas Rangers,1.86,0.5780975010672728,BetOnline.ag,"Raw edge 18.0% | Score 96.0 | Consensus: elo, xg, form, market",0.1799441147748766,0.04046309246512225,0.5376344086021505,72,medium,0.25,21.88,2026-07-11T21:25:21
football,Eliteserien,Sarpsborg FK vs Viking FK,Sarpsborg FK,4.3,0.27555875819277886,Coolbet,"Raw edge 17.9% | Score 16.549538691006603 | Consensus: elo, xg, form, market",0.17878301199123414,0.043000618657895145,0.23255813953488372,67,medium,0.25,14.01,2026-07-11T21:25:21
football,Scottish Premiership,Aberdeen vs Hearts,Aberdeen,4.2,0.280658754140619,Tipico,"Raw edge 17.4% | Score 16.298775486824564 | Consensus: elo, xg, form, market",0.1739983385315229,0.042563516045380945,0.23809523809523808,67,medium,0.25,13.97,2026-07-11T21:25:21
baseball,baseball_mlb,New York Mets vs Boston Red Sox,Boston Red Sox,1.27,0.8477454385424054,Tipico,"Raw edge 16.5% | Score 99.0 | Consensus: elo, xg, form, market",0.1646170512106,0.06034386373925582,0.7874015748031495,100,medium,0.71,30.0,2026-07-11T21:45:00
baseball,baseball_mlb,Tampa Bay Rays vs Seattle Mariners,Tampa Bay Rays,1.35,0.7982609121971579,LeoVegas (SE),"Raw edge 17.0% | Score 98.0 | Consensus: elo, xg, form, market",0.17017459673210467,0.05752017145641719,0.7407407407407407,97,medium,0.55,30.0,2026-07-11T21:45:00
baseball,baseball_mlb,Miami Marlins vs Cleveland Guardians,Cleveland Guardians,1.39,0.77741997465897,Pinnacle,"Raw edge 17.3% | Score 98.0 | Consensus: elo, xg, form, market",0.17309966890990935,0.05799551422731519,0.7194244604316548,95,medium,0.52,30.0,2026-07-11T21:45:00
basketball,basketball_wnba,Atlanta Dream vs Portland Fire,Atlanta Dream,2.24,0.5048478011956344,Matchbook,"Raw edge 10.4% | Score 10.398447820869757 | Consensus: elo, xg, form, market",0.10403649645692603,0.05841922976706304,0.4464285714285714,74,medium,0.26,26.38,2026-07-11T21:45:00
football,Eliteserien,Sarpsborg FK vs Viking FK,Sarpsborg FK,4.3,0.27555875819277886,Coolbet,"Raw edge 17.9% | Score 16.549538691006603 | Consensus: elo, xg, form, market",0.17878301199123414,0.043000618657895145,0.23255813953488372,67,medium,0.25,14.01,2026-07-11T21:45:00
baseball,baseball_mlb,San Francisco Giants vs Colorado Rockies,San Francisco Giants,1.71,0.6314613020610883,Matchbook,"Raw edge 18.0% | Score 96.0 | Consensus: elo, xg, form, market",0.17983318861950393,0.046665980423661435,0.5847953216374269,79,medium,0.28,28.1,2026-07-12T06:38:55
baseball,baseball_mlb,St. Louis Cardinals vs Atlanta Braves,St. Louis Cardinals,1.79,0.6033395518216179,Matchbook,"Raw edge 18.0% | Score 96.0 | Consensus: elo, xg, form, market",0.17996763116160164,0.044680333944522976,0.5586592178770949,76,medium,0.25,25.31,2026-07-12T06:38:55
baseball,baseball_mlb,Chicago White Sox vs Athletics,Chicago White Sox,1.88,0.5727996559143187,Pinnacle,"Raw edge 18.0% | Score 96.0 | Consensus: elo, xg, form, market",0.1797075829369874,0.04088476229729743,0.5319148936170213,72,medium,0.25,21.84,2026-07-12T06:38:55
football,Scottish Premiership,Aberdeen vs Hearts,Aberdeen,4.2,0.280658754140619,Tipico,"Raw edge 17.4% | Score 16.298775486824564 | Consensus: elo, xg, form, market",0.1739983385315229,0.042563516045380945,0.23809523809523808,67,medium,0.25,13.97,2026-07-12T06:38:55
baseball,baseball_mlb,San Diego Padres vs Toronto Blue Jays,Toronto Blue Jays,1.83,0.5895343577965267,Matchbook,"Raw edge 17.9% | Score 96.0 | Consensus: elo, xg, form, market",0.17883886509802638,0.04308627036483281,0.5464480874316939,74,medium,0.25,23.75,2026-07-12T06:55:01
baseball,baseball_mlb,New York Mets vs Boston Red Sox,Boston Red Sox,1.86,0.5803623999887256,Marathon Bet,"Raw edge 18.0% | Score 96.0 | Consensus: elo, xg, form, market",0.17996135794383172,0.042727991386575126,0.5376344086021505,74,medium,0.25,23.1,2026-07-12T06:55:01
football,Scottish Premiership,Aberdeen vs Hearts,Aberdeen,4.2,0.280658754140619,Tipico,"Raw edge 17.4% | Score 16.306924874567976 | Consensus: elo, xg, form, market",0.1739983385315229,0.042563516045380945,0.23809523809523808,67,medium,0.25,13.97,2026-07-12T06:55:01
baseball,baseball_mlb,Baltimore Orioles vs Kansas City Royals,Baltimore Orioles,1.69,0.6362575570542514,Pinnacle,"Raw edge 17.5% | Score 97.0 | Consensus: elo, xg, form, market",0.17464002589459815,0.044541580722890384,0.591715976331361,79,medium,0.27,27.27,2026-07-12T07:14:48
baseball,baseball_mlb,New York Mets vs Boston Red Sox,Boston Red Sox,1.86,0.5803677110779988,BetOnline.ag,"Raw edge 18.0% | Score 96.0 | Consensus: elo, xg, form, market",0.17957428114258867,0.04273330247584828,0.5376344086021505,74,medium,0.25,23.11,2026-07-12T07:14:48
baseball,baseball_mlb,Tampa Bay Rays vs Seattle Mariners,Tampa Bay Rays,1.78,0.6046198178772404,Matchbook,"Raw edge 18.0% | Score 96.0 | Consensus: elo, xg, form, market",0.1799056739169569,0.04282206506825159,0.5617977528089888,75,medium,0.25,24.43,2026-07-12T07:42:10
baseball,baseball_mlb,Chicago White Sox vs Athletics,Chicago White Sox,1.88,0.5723831767449191,Pinnacle,"Raw edge 17.9% | Score 96.0 | Consensus: elo, xg, form, market",0.179150554256847,0.04046828312789785,0.5319148936170213,72,medium,0.25,21.61,2026-07-12T07:42:10
baseball,baseball_mlb,Baltimore Orioles vs Kansas City Royals,Baltimore Orioles,1.69,0.6355388674743759,Pinnacle,"Raw edge 17.2% | Score 97.0 | Consensus: elo, xg, form, market",0.17176554542908673,0.043822891143014964,0.591715976331361,78,medium,0.27,26.83,2026-07-12T07:55:22
baseball,baseball_mlb,New York Mets vs Boston Red Sox,Boston Red Sox,1.86,0.5803077110779988,BetOnline.ag,"Raw edge 17.9% | Score 96.0 | Consensus: elo, xg, form, market",0.1793510811425887,0.04267330247584833,0.5376344086021505,73,medium,0.25,23.07,2026-07-12T07:55:22
baseball,baseball_mlb,San Diego Padres vs Toronto Blue Jays,Toronto Blue Jays,1.83,0.5903547878243773,Betfair,"Raw edge 17.9% | Score 96.0 | Consensus: elo, xg, form, market",0.179123155760206,0.043906700392683407,0.5464480874316939,75,medium,0.25,24.2,2026-07-12T08:15:10
baseball,baseball_mlb,Pittsburgh Pirates vs Milwaukee Brewers,Pittsburgh Pirates,1.83,0.5879051576403155,GTbets,"Raw edge 17.8% | Score 96.0 | Consensus: elo, xg, form, market",0.1782297119910965,0.04145707020862155,0.5464480874316939,74,medium,0.25,22.85,2026-07-12T08:15:10
baseball,baseball_mlb,San Diego Padres vs Toronto Blue Jays,Toronto Blue Jays,1.83,0.5905347878243775,Betfair,"Raw edge 18.0% | Score 96.0 | Consensus: elo, xg, form, market",0.17978195576020606,0.04408670039268359,0.5464480874316939,75,medium,0.25,24.3,2026-07-12T08:26:55
baseball,baseball_mlb,Pittsburgh Pirates vs Milwaukee Brewers,Pittsburgh Pirates,1.83,0.5884878981502143,GTbets,"Raw edge 18.0% | Score 96.0 | Consensus: elo, xg, form, market",0.17994742418229337,0.042039810718520365,0.5464480874316939,74,medium,0.25,23.17,2026-07-12T08:26:55
baseball,baseball_mlb,Detroit Tigers vs Philadelphia Phillies,Detroit Tigers,1.91,0.564242970197413,BetOnline.ag,"Raw edge 18.0% | Score 96.0 | Consensus: elo, xg, form, market",0.17953127011452508,0.04068276077332922,0.5235602094240838,71,medium,0.25,21.35,2026-07-12T08:26:55
baseball,baseball_mlb,New York Mets vs Boston Red Sox,Boston Red Sox,1.86,0.5805830852180851,Marathon Bet,"Raw edge 17.9% | Score 96.0 | Consensus: elo, xg, form, market",0.1787803693178518,0.0429486766159346,0.5376344086021505,74,medium,0.25,23.22,2026-07-12T08:56:38
baseball,baseball_mlb,Pittsburgh Pirates vs Milwaukee Brewers,Pittsburgh Pirates,1.83,0.5873859776366307,Unibet (SE),"Raw edge 18.0% | Score 96.0 | Consensus: elo, xg, form, market",0.17985479097488355,0.04093789020493677,0.5464480874316939,73,medium,0.25,22.57,2026-07-12T08:56:38
baseball,baseball_mlb,Tampa Bay Rays vs Seattle Mariners,Tampa Bay Rays,1.8,0.6001868496162809,Betfair,"Raw edge 18.0% | Score 96.0 | Consensus: elo, xg, form, market",0.17990291707099626,0.0446312940607253,0.5555555555555556,76,medium,0.25,25.11,2026-07-12T09:08:48
baseball,baseball_mlb,Texas Rangers vs Houston Astros,Texas Rangers,1.78,0.6056449373672173,Betfair,"Raw edge 17.9% | Score 96.0 | Consensus: elo, xg, form, market",0.17917192317967734,0.04384718455822845,0.5617977528089888,76,medium,0.25,25.02,2026-07-12T09:08:48
baseball,baseball_mlb,Pittsburgh Pirates vs Milwaukee Brewers,Pittsburgh Pirates,1.83,0.5875515108680139,Everygame,"Raw edge 17.7% | Score 96.0 | Consensus: elo, xg, form, market",0.17680277427522162,0.04110342343632001,0.5464480874316939,73,medium,0.25,22.66,2026-07-12T09:08:48
baseball,baseball_mlb,Baltimore Orioles vs Kansas City Royals,Baltimore Orioles,1.7,0.6351831193910957,Matchbook,"Raw edge 18.0% | Score 96.0 | Consensus: elo, xg, form, market",0.17995979421880315,0.04694782527344865,0.5882352941176471,80,medium,0.29,28.5,2026-07-12T09:27:44
baseball,baseball_mlb,St. Louis Cardinals vs Atlanta Braves,St. Louis Cardinals,1.8,0.5989878688713539,1xBet,"Raw edge 18.0% | Score 96.0 | Consensus: elo, xg, form, market",0.17959419213381977,0.04343231331579833,0.5555555555555556,75,medium,0.25,24.43,2026-07-12T09:27:44
baseball,baseball_mlb,Washington Nationals vs New York Yankees,New York Yankees,1.93,0.559914628214841,1xBet,"Raw edge 18.0% | Score 96.0 | Consensus: elo, xg, form, market",0.17968142532133768,0.04177991318893415,0.5181347150259068,72,medium,0.25,21.68,2026-07-12T09:27:44
baseball,baseball_mlb,St. Louis Cardinals vs Atlanta Braves,St. Louis Cardinals,1.81,0.5960296462533552,BetAnything,"Raw edge 17.9% | Score 96.0 | Consensus: elo, xg, form, market",0.17932875018777605,0.043543458408051294,0.5524861878453039,75,medium,0.25,24.33,2026-07-12T09:48:35
baseball,baseball_mlb,Tampa Bay Rays vs Seattle Mariners,Tampa Bay Rays,1.79,0.6020061845000886,Matchbook,"Raw edge 18.0% | Score 96.0 | Consensus: elo, xg, form, market",0.1797060537499342,0.04334696662299364,0.5586592178770949,75,medium,0.25,24.55,2026-07-12T09:48:35
baseball,baseball_mlb,Pittsburgh Pirates vs Milwaukee Brewers,Pittsburgh Pirates,1.83,0.5882533947051463,BetOnline.ag,"Raw edge 17.9% | Score 96.0 | Consensus: elo, xg, form, market",0.17928797462037926,0.04180530727345233,0.5464480874316939,74,medium,0.25,23.04,2026-07-12T09:48:35
baseball,baseball_mlb,Baltimore Orioles vs Kansas City Royals,Baltimore Orioles,1.7,0.6342812996064223,LeoVegas (SE),"Raw edge 17.7% | Score 96.0 | Consensus: elo, xg, form, market",0.1771197410783918,0.04604600548877524,0.5882352941176471,79,medium,0.28,27.96,2026-07-12T10:03:55
baseball,baseball_mlb,Tampa Bay Rays vs Seattle Mariners,Tampa Bay Rays,1.79,0.6017661845000885,Matchbook,"Raw edge 17.9% | Score 96.0 | Consensus: elo, xg, form, market",0.17884685374993414,0.043106966622993514,0.5586592178770949,75,medium,0.25,24.42,2026-07-12T10:03:55
baseball,baseball_mlb,Washington Nationals vs New York Yankees,New York Yankees,1.92,0.5610627575022236,Matchbook,"Raw edge 17.8% | Score 96.0 | Consensus: elo, xg, form, market",0.1777721720316554,0.04022942416889019,0.5208333333333334,71,medium,0.25,20.99,2026-07-12T10:03:55
baseball,baseball_mlb,Baltimore Orioles vs Kansas City Royals,Baltimore Orioles,1.7,0.6349712996064224,LeoVegas (SE),"Raw edge 17.9% | Score 97.0 | Consensus: elo, xg, form, market",0.17946574107839197,0.04673600548877532,0.5882352941176471,79,medium,0.28,28.38,2026-07-12T10:13:50
baseball,baseball_mlb,Tampa Bay Rays vs Seattle Mariners,Tampa Bay Rays,1.79,0.6019461845000885,Matchbook,"Raw edge 17.9% | Score 96.0 | Consensus: elo, xg, form, market",0.17949125374993424,0.04328696662299358,0.5586592178770949,75,medium,0.25,24.52,2026-07-12T10:13:50
baseball,baseball_mlb,Pittsburgh Pirates vs Milwaukee Brewers,Pittsburgh Pirates,1.83,0.5875330509293214,BetOnline.ag,"Raw edge 17.8% | Score 96.0 | Consensus: elo, xg, form, market",0.17797105026170268,0.04108496349762747,0.5464480874316939,73,medium,0.25,22.65,2026-07-12T10:13:50
baseball,baseball_mlb,Baltimore Orioles vs Kansas City Royals,Baltimore Orioles,1.7,0.6343664422929705,Matchbook,"Raw edge 17.7% | Score 97.0 | Consensus: elo, xg, form, market",0.17733470932345274,0.04613114817532338,0.5882352941176471,79,medium,0.28,28.01,2026-07-12T10:30:32
baseball,baseball_mlb,San Francisco Giants vs Colorado Rockies,San Francisco Giants,1.74,0.6208915898810407,BetAnything,"Raw edge 17.9% | Score 97.0 | Consensus: elo, xg, form, market",0.1790436954492549,0.04617894620287977,0.5747126436781609,78,medium,0.27,27.15,2026-07-12T10:30:32
baseball,baseball_mlb,New York Mets vs Boston Red Sox,Boston Red Sox,1.86,0.5810061127825633,Marathon Bet,"Raw edge 18.0% | Score 96.0 | Consensus: elo, xg, form, market",0.1799213705015965,0.04337170418041281,0.5376344086021505,74,medium,0.25,23.45,2026-07-12T10:30:32
baseball,baseball_mlb,San Francisco Giants vs Colorado Rockies,San Francisco Giants,1.74,0.6210517507067991,BetAnything,"Raw edge 18.0% | Score 96.0 | Consensus: elo, xg, form, market",0.17998074518969953,0.04633910702863819,0.5747126436781609,78,medium,0.27,27.24,2026-07-12T10:58:02
baseball,baseball_mlb,Detroit Tigers vs Philadelphia Phillies,Detroit Tigers,1.91,0.5636774053226014,BetOnline.ag,"Raw edge 18.0% | Score 96.0 | Consensus: elo, xg, form, market",0.17998942870559698,0.04011719589851759,0.5235602094240838,71,medium,0.25,21.05,2026-07-12T10:58:02
baseball,baseball_mlb,San Francisco Giants vs Colorado Rockies,San Francisco Giants,1.73,0.6231065978615361,GTbets,"Raw edge 18.0% | Score 96.0 | Consensus: elo, xg, form, market",0.1798559324440494,0.045071915780611205,0.5780346820809249,78,medium,0.27,26.7,2026-07-12T11:07:33
baseball,baseball_mlb,Tampa Bay Rays vs Seattle Mariners,Tampa Bay Rays,1.79,0.6020790055222571,Matchbook,"Raw edge 17.9% | Score 97.0 | Consensus: elo, xg, form, market",0.1788569041015866,0.04341978764516219,0.5586592178770949,76,medium,0.25,24.6,2026-07-12T11:07:33
baseball,baseball_mlb,Texas Rangers vs Houston Astros,Texas Rangers,1.78,0.6063366031719966,BetOnline.ag,"Raw edge 18.0% | Score 96.0 | Consensus: elo, xg, form, market",0.17967764159438904,0.044538850363007754,0.5617977528089888,76,medium,0.25,25.41,2026-07-12T11:25:05
baseball,baseball_mlb,Tampa Bay Rays vs Seattle Mariners,Tampa Bay Rays,1.79,0.6021202717019555,Pinnacle,"Raw edge 17.9% | Score 96.0 | Consensus: elo, xg, form, market",0.17930512134281473,0.04346105382486054,0.5586592178770949,76,medium,0.25,24.62,2026-07-12T11:25:05
baseball,baseball_mlb,Washington Nationals vs New York Yankees,New York Yankees,1.93,0.5592806144701223,1xBet,"Raw edge 17.9% | Score 96.0 | Consensus: elo, xg, form, market",0.17945541041403446,0.04114589944421554,0.5181347150259068,71,medium,0.25,21.35,2026-07-12T11:25:05
baseball,baseball_mlb,Texas Rangers vs Houston Astros,Texas Rangers,1.78,0.6057229920038525,GTbets,"Raw edge 17.9% | Score 96.0 | Consensus: elo, xg, form, market",0.17859837024210368,0.043925239194863686,0.5617977528089888,76,medium,0.25,25.06,2026-07-12T11:47:29
baseball,baseball_mlb,Pittsburgh Pirates vs Milwaukee Brewers,Pittsburgh Pirates,1.83,0.5870497087268809,1xBet,"Raw edge 17.7% | Score 96.0 | Consensus: elo, xg, form, market",0.17737767430925078,0.04060162129518696,0.5464480874316939,73,medium,0.25,22.38,2026-07-12T11:47:29
baseball,baseball_mlb,Baltimore Orioles vs Kansas City Royals,Baltimore Orioles,1.7,0.6343291821919163,Pinnacle,"Raw edge 17.8% | Score 97.0 | Consensus: elo, xg, form, market",0.17777839205979018,0.046093888074269174,0.5882352941176471,79,medium,0.28,27.99,2026-07-12T12:03:46
baseball,baseball_mlb,Tampa Bay Rays vs Seattle Mariners,Tampa Bay Rays,1.78,0.6046942557403016,Betfair,"Raw edge 17.9% | Score 96.0 | Consensus: elo, xg, form, market",0.1788889524689561,0.04289650293131275,0.5617977528089888,76,medium,0.25,24.47,2026-07-12T12:03:46
baseball,baseball_mlb,St. Louis Cardinals vs Atlanta Braves,St. Louis Cardinals,1.8,0.5983267831162614,1xBet,"Raw edge 18.0% | Score 96.0 | Consensus: elo, xg, form, market",0.17969294071966524,0.04277122756070584,0.5555555555555556,75,medium,0.25,24.06,2026-07-12T12:03:46
football,Allsvenskan,Malmo FF vs IFK Goteborg,Malmo FF,1.4,0.8073437632229099,Pinnacle,"Raw edge 13.1% | Score 13.062955544773988 | Consensus: elo, xg, form, market",0.13062958810513692,0.0930580489371956,0.7142857142857143,100,low,0.81,30.0,2026-07-12T12:28:27
baseball,baseball_mlb,Baltimore Orioles vs Kansas City Royals,Baltimore Orioles,1.71,0.6327950513964603,Unibet (SE),"Raw edge 17.9% | Score 96.0 | Consensus: elo, xg, form, market",0.17941146943395592,0.04799972975903344,0.5847953216374269,80,medium,0.29,28.9,2026-07-12T12:28:27
baseball,baseball_mlb,Texas Rangers vs Houston Astros,Texas Rangers,1.78,0.6060092372507094,GTbets,"Raw edge 18.0% | Score 96.0 | Consensus: elo, xg, form, market",0.17964413782691424,0.04421148444172063,0.5617977528089888,76,medium,0.25,25.22,2026-07-12T12:28:27
baseball,baseball_mlb,Detroit Tigers vs Philadelphia Phillies,Detroit Tigers,1.91,0.5642541445878707,Matchbook,"Raw edge 18.0% | Score 96.0 | Consensus: elo, xg, form, market",0.17992606036362946,0.04069393516378694,0.5235602094240838,71,medium,0.25,21.35,2026-07-12T12:28:27
baseball,baseball_mlb,San Francisco Giants vs Colorado Rockies,San Francisco Giants,1.74,0.6208102981326965,BetAnything,"Raw edge 17.9% | Score 96.0 | Consensus: elo, xg, form, market",0.17925724878056526,0.04609765445453562,0.5747126436781609,78,medium,0.27,27.1,2026-07-12T13:01:04
baseball,baseball_mlb,Tampa Bay Rays vs Seattle Mariners,Tampa Bay Rays,1.76,0.6122908715918731,BetAnything,"Raw edge 18.0% | Score 97.0 | Consensus: elo, xg, form, market",0.1797152176411998,0.04410905341005489,0.5681818181818182,77,medium,0.26,25.54,2026-07-12T13:01:04
baseball,baseball_mlb,New York Mets vs Boston Red Sox,Boston Red Sox,1.85,0.5832629536981088,GTbets,"Raw edge 17.9% | Score 96.0 | Consensus: elo, xg, form, market",0.1790052672487359,0.042722413157568306,0.5405405405405405,74,medium,0.25,23.25,2026-07-12T13:01:04
baseball,baseball_mlb,San Francisco Giants vs Colorado Rockies,San Francisco Giants,1.74,0.6212185638420328,BetAnything,"Raw edge 18.0% | Score 96.0 | Consensus: elo, xg, form, market",0.179560321448351,0.046505920163871894,0.5747126436781609,78,medium,0.27,27.34,2026-07-12T13:08:48
baseball,baseball_mlb,New York Mets vs Boston Red Sox,Boston Red Sox,1.85,0.5830480936959146,BetOnline.ag,"Raw edge 17.9% | Score 96.0 | Consensus: elo, xg, form, market",0.1786443221526719,0.042507553155374134,0.5405405405405405,74,medium,0.25,23.13,2026-07-12T13:08:48
baseball,baseball_mlb,Tampa Bay Rays vs Seattle Mariners,Tampa Bay Rays,1.76,0.6130720200563012,BetAnything,"Raw edge 17.9% | Score 97.0 | Consensus: elo, xg, form, market",0.17949344584704452,0.044890201874483004,0.5681818181818182,77,medium,0.26,25.99,2026-07-12T13:25:31
baseball,baseball_mlb,Texas Rangers vs Houston Astros,Texas Rangers,1.78,0.6063037366422331,Pinnacle,"Raw edge 17.9% | Score 96.0 | Consensus: elo, xg, form, market",0.17889564703777294,0.044505983833244334,0.5617977528089888,76,medium,0.25,25.39,2026-07-12T13:25:31
baseball,baseball_mlb,New York Mets vs Boston Red Sox,Boston Red Sox,1.85,0.5835101150038412,BetAnything,"Raw edge 17.8% | Score 97.0 | Consensus: elo, xg, form, market",0.17848113292073564,0.04296957446330074,0.5405405405405405,74,medium,0.25,23.38,2026-07-12T13:25:31
baseball,baseball_mlb,Baltimore Orioles vs Kansas City Royals,Baltimore Orioles,1.71,0.6319375449521856,Unibet (SE),"Raw edge 18.0% | Score 96.0 | Consensus: elo, xg, form, market",0.17959239863903265,0.0471422233147587,0.5847953216374269,79,medium,0.28,28.38,2026-07-12T13:34:12
baseball,baseball_mlb,San Diego Padres vs Toronto Blue Jays,Toronto Blue Jays,1.82,0.5942097858160161,Matchbook,"Raw edge 18.0% | Score 96.0 | Consensus: elo, xg, form, market",0.17997499601438105,0.04475923636546675,0.5494505494505494,75,medium,0.25,24.84,2026-07-12T13:34:12
baseball,baseball_mlb,New York Mets vs Boston Red Sox,Boston Red Sox,1.85,0.5842521320628185,BetOnline.ag,"Raw edge 17.9% | Score 96.0 | Consensus: elo, xg, form, market",0.17930343425787698,0.04371159152227799,0.5405405405405405,74,medium,0.25,23.78,2026-07-12T13:34:12
baseball,baseball_mlb,Tampa Bay Rays vs Seattle Mariners,Tampa Bay Rays,1.76,0.6134301121416251,BetAnything,"Raw edge 17.9% | Score 96.0 | Consensus: elo, xg, form, market",0.1794315429267055,0.045248293959806896,0.5681818181818182,77,medium,0.26,26.2,2026-07-12T13:47:10
baseball,baseball_mlb,San Diego Padres vs Toronto Blue Jays,Toronto Blue Jays,1.82,0.5940013498796118,Pinnacle,"Raw edge 17.9% | Score 96.0 | Consensus: elo, xg, form, market",0.17912375088337096,0.044550800429062454,0.5494505494505494,75,medium,0.25,24.72,2026-07-12T13:47:10
baseball,baseball_mlb,New York Mets vs Boston Red Sox,Boston Red Sox,1.85,0.5829704287807921,Matchbook,"Raw edge 17.9% | Score 96.0 | Consensus: elo, xg, form, market",0.17902897560831788,0.04242988824025162,0.5405405405405405,74,medium,0.25,23.09,2026-07-12T13:47:10
baseball,baseball_mlb,San Diego Padres vs Toronto Blue Jays,Toronto Blue Jays,1.82,0.5933349093521627,Pinnacle,"Raw edge 17.8% | Score 97.0 | Consensus: elo, xg, form, market",0.17802234693536856,0.04388435990161332,0.5494505494505494,75,medium,0.25,24.35,2026-07-12T13:56:13
baseball,baseball_mlb,Pittsburgh Pirates vs Milwaukee Brewers,Pittsburgh Pirates,1.85,0.5829410266445804,BetOnline.ag,"Raw edge 18.0% | Score 96.0 | Consensus: elo, xg, form, market",0.1798280212400316,0.0424004861040399,0.5405405405405405,74,medium,0.25,23.07,2026-07-12T13:56:13
baseball,baseball_mlb,St. Louis Cardinals vs Atlanta Braves,St. Louis Cardinals,1.81,0.5947335582214311,Unibet (NL),"Raw edge 17.9% | Score 96.0 | Consensus: elo, xg, form, market",0.179125521839556,0.04224737037612725,0.5524861878453039,74,medium,0.25,23.6,2026-07-12T13:56:13
baseball,baseball_mlb,Tampa Bay Rays vs Seattle Mariners,Tampa Bay Rays,1.75,0.6152970295582655,Unibet (NL),"Raw edge 17.8% | Score 96.0 | Consensus: elo, xg, form, market",0.1783339889890192,0.04386845812969409,0.5714285714285714,77,medium,0.26,25.59,2026-07-12T14:03:15
baseball,baseball_mlb,San Francisco Giants vs Colorado Rockies,San Francisco Giants,1.72,0.624663905157032,GTbets,"Raw edge 17.6% | Score 97.0 | Consensus: elo, xg, form, market",0.17566545759900754,0.043268556319822626,0.5813953488372093,77,medium,0.26,25.84,2026-07-12T14:03:15
baseball,baseball_mlb,San Diego Padres vs Toronto Blue Jays,Toronto Blue Jays,1.82,0.5937159815156304,Pinnacle,"Raw edge 18.0% | Score 96.0 | Consensus: elo, xg, form, market",0.17951662220537745,0.044265432065081045,0.5494505494505494,75,medium,0.25,24.56,2026-07-12T14:03:15
baseball,baseball_mlb,Tampa Bay Rays vs Seattle Mariners,Tampa Bay Rays,1.75,0.6168235393232537,Matchbook,"Raw edge 18.0% | Score 97.0 | Consensus: elo, xg, form, market",0.17998585583875415,0.045394967894682337,0.5714285714285714,78,medium,0.26,26.48,2026-07-12T14:12:05
baseball,baseball_mlb,San Diego Padres vs Toronto Blue Jays,Toronto Blue Jays,1.81,0.5957224627728066,GTbets,"Raw edge 18.0% | Score 96.0 | Consensus: elo, xg, form, market",0.1796836078573678,0.043236274927502705,0.5524861878453039,75,medium,0.25,24.15,2026-07-12T14:12:05
baseball,baseball_mlb,Chicago White Sox vs Athletics,Chicago White Sox,1.82,0.592529584657129,Betfair,"Raw edge 18.0% | Score 96.0 | Consensus: elo, xg, form, market",0.179940704011335,0.04307903520657963,0.5494505494505494,75,medium,0.25,23.9,2026-07-12T14:12:05
baseball,baseball_mlb,Baltimore Orioles vs Kansas City Royals,Baltimore Orioles,1.71,0.6308120567188403,Unibet (NL),"Raw edge 17.9% | Score 96.0 | Consensus: elo, xg, form, market",0.17896509487686463,0.04601673508141346,0.5847953216374269,79,medium,0.28,27.71,2026-07-12T14:22:52
baseball,baseball_mlb,San Francisco Giants vs Colorado Rockies,San Francisco Giants,1.72,0.6245743230167534,BetAnything,"Raw edge 17.5% | Score 97.0 | Consensus: elo, xg, form, market",0.17530016605771914,0.04317897417954408,0.5813953488372093,77,medium,0.26,25.79,2026-07-12T14:22:52
baseball,baseball_mlb,St. Louis Cardinals vs Atlanta Braves,St. Louis Cardinals,1.81,0.5936192835638298,GTbets,"Raw edge 17.6% | Score 97.0 | Consensus: elo, xg, form, market",0.17593038997940869,0.04113309571852586,0.5524861878453039,74,medium,0.25,22.98,2026-07-12T14:22:52
baseball,baseball_mlb,Tampa Bay Rays vs Seattle Mariners,Tampa Bay Rays,1.74,0.6190006043433006,Everygame,"Raw edge 17.9% | Score 96.0 | Consensus: elo, xg, form, market",0.1791338616238114,0.044287960665139736,0.5747126436781609,77,medium,0.26,26.03,2026-07-12T14:46:05
baseball,baseball_mlb,San Diego Padres vs Toronto Blue Jays,Toronto Blue Jays,1.81,0.596097297791994,GTbets,"Raw edge 17.9% | Score 96.0 | Consensus: elo, xg, form, market",0.17887666329691898,0.04361110994669015,0.5524861878453039,75,medium,0.25,24.36,2026-07-12T14:46:05
baseball,baseball_mlb,Pittsburgh Pirates vs Milwaukee Brewers,Pittsburgh Pirates,1.83,0.5887355875123494,Everygame,"Raw edge 17.9% | Score 96.0 | Consensus: elo, xg, form, market",0.17868048883243492,0.042287500080655516,0.5464480874316939,74,medium,0.25,23.31,2026-07-12T14:46:05
baseball,baseball_mlb,Baltimore Orioles vs Kansas City Royals,Baltimore Orioles,1.71,0.6296767892391383,Pinnacle,"Raw edge 17.8% | Score 97.0 | Consensus: elo, xg, form, market",0.178098539705686,0.04488146760171141,0.5847953216374269,78,medium,0.27,27.02,2026-07-12T14:58:48
baseball,baseball_mlb,Texas Rangers vs Houston Astros,Texas Rangers,1.77,0.6081401280368108,Pinnacle,"Raw edge 17.8% | Score 96.0 | Consensus: elo, xg, form, market",0.17821028056505672,0.043168376624381444,0.5649717514124294,76,medium,0.25,24.81,2026-07-12T14:58:48
baseball,baseball_mlb,Chicago White Sox vs Athletics,Chicago White Sox,1.81,0.5961431384536487,Matchbook,"Raw edge 18.0% | Score 96.0 | Consensus: elo, xg, form, market",0.17969316163777926,0.04365695060834485,0.5524861878453039,75,medium,0.25,24.39,2026-07-12T14:58:48
football,Eliteserien,Sandefjord vs HamKam,Sandefjord,2.0,0.5686169358752623,Pinnacle,"Raw edge 13.8% | Score 13.780536247109715 | Consensus: elo, xg, form, market",0.13773649422398515,0.0686169358752623,0.5,83,medium,0.34,30.0,2026-07-12T15:09:51
baseball,baseball_mlb,San Francisco Giants vs Colorado Rockies,San Francisco Giants,1.72,0.6243919577190752,BetAnything,"Raw edge 17.5% | Score 97.0 | Consensus: elo, xg, form, market",0.1747899601522105,0.04299660888186585,0.5813953488372093,77,medium,0.26,25.68,2026-07-12T15:09:51
baseball,baseball_mlb,San Diego Padres vs Toronto Blue Jays,Toronto Blue Jays,1.81,0.5963972977919941,GTbets,"Raw edge 18.0% | Score 96.0 | Consensus: elo, xg, form, market",0.1799626632969189,0.04391110994669023,0.5524861878453039,75,medium,0.25,24.53,2026-07-12T15:09:51
baseball,baseball_mlb,Pittsburgh Pirates vs Milwaukee Brewers,Pittsburgh Pirates,1.83,0.5887157355669466,BetAnything,"Raw edge 18.0% | Score 96.0 | Consensus: elo, xg, form, market",0.1795167399283415,0.04226764813525263,0.5464480874316939,74,medium,0.25,23.3,2026-07-12T15:09:51
baseball,baseball_mlb,San Francisco Giants vs Colorado Rockies,San Francisco Giants,1.72,0.6248838466542085,GTbets,"Raw edge 17.6% | Score 97.0 | Consensus: elo, xg, form, market",0.17637521274245516,0.04348849781699915,0.5813953488372093,77,medium,0.26,25.97,2026-07-12T15:20:36
baseball,baseball_mlb,San Diego Padres vs Toronto Blue Jays,Toronto Blue Jays,1.82,0.5944022977919942,1xBet,"Raw edge 17.9% | Score 96.0 | Consensus: elo, xg, form, market",0.17921999403336608,0.044951748341444775,0.5494505494505494,76,medium,0.25,24.94,2026-07-12T15:20:36
baseball,baseball_mlb,New York Mets vs Boston Red Sox,Boston Red Sox,1.93,0.5582363504430663,Everygame,"Raw edge 17.9% | Score 96.0 | Consensus: elo, xg, form, market",0.1793639262119635,0.0401016354171595,0.5181347150259068,71,medium,0.25,20.81,2026-07-12T15:20:36
baseball,baseball_mlb,Baltimore Orioles vs Kansas City Royals,Baltimore Orioles,1.71,0.6302665087816822,Pinnacle,"Raw edge 17.9% | Score 96.0 | Consensus: elo, xg, form, market",0.17935034405095895,0.045471187144255354,0.5847953216374269,79,medium,0.27,27.38,2026-07-12T15:30:02
baseball,baseball_mlb,Detroit Tigers vs Philadelphia Phillies,Detroit Tigers,1.8,0.5984537286454235,BetOnline.ag,"Raw edge 17.9% | Score 96.0 | Consensus: elo, xg, form, market",0.17928130305171575,0.042898173089867875,0.5555555555555556,75,medium,0.25,24.13,2026-07-12T15:30:02
baseball,baseball_mlb,Chicago White Sox vs Athletics,Chicago White Sox,1.76,0.6088116758236923,Nordic Bet,"Raw edge 17.4% | Score 97.0 | Consensus: elo, xg, form, market",0.17418365333300856,0.0406298576418741,0.5681818181818182,75,medium,0.25,23.52,2026-07-12T15:30:02
baseball,baseball_mlb,Baltimore Orioles vs Kansas City Royals,Baltimore Orioles,1.71,0.6304491458827971,BetAnything,"Raw edge 17.9% | Score 97.0 | Consensus: elo, xg, form, market",0.1793258480176778,0.045653824245370234,0.5847953216374269,79,medium,0.27,27.49,2026-07-12T15:42:02
baseball,baseball_mlb,Tampa Bay Rays vs Seattle Mariners,Tampa Bay Rays,1.73,0.6230634173835498,Unibet (NL),"Raw edge 17.8% | Score 97.0 | Consensus: elo, xg, form, market",0.17831463262760083,0.045028735302624856,0.5780346820809249,78,medium,0.27,26.68,2026-07-12T15:42:02
baseball,baseball_mlb,Pittsburgh Pirates vs Milwaukee Brewers,Pittsburgh Pirates,1.83,0.5891538223585739,Everygame,"Raw edge 18.0% | Score 96.0 | Consensus: elo, xg, form, market",0.1797351748987812,0.04270573492688001,0.5464480874316939,74,medium,0.25,23.54,2026-07-12T15:42:02
baseball,baseball_mlb,Tampa Bay Rays vs Seattle Mariners,Tampa Bay Rays,1.74,0.6216598513748693,Pinnacle,"Raw edge 18.0% | Score 97.0 | Consensus: elo, xg, form, market",0.17985856997359018,0.04694720769670846,0.5747126436781609,79,medium,0.28,27.6,2026-07-12T15:51:31
baseball,baseball_mlb,St. Louis Cardinals vs Atlanta Braves,St. Louis Cardinals,1.79,0.602523385089547,Matchbook,"Raw edge 17.9% | Score 96.0 | Consensus: elo, xg, form, market",0.17943261651281528,0.04386416721245201,0.5586592178770949,76,medium,0.25,24.85,2026-07-12T15:51:31
